{"cameraMode":{"drawMode":0,"name":"Shaded","section":"Shading Mode"},"sceneLighting":true,"audioPlay":false,"sceneViewState":{"showFog":true,"showMaterialUpdate":true,"showSkybox":true,"showFlares":true,"showImageEffects":true,"showParticleSystems":true},"in2DMode":false,"pivot":{"x":-2.98585844039917,"y":4.832699298858643,"z":3.167024850845337},"rotation":{"x":0.08532823622226715,"y":0.040342122316360477,"z":-0.0034487973898649217,"w":0.995546817779541},"size":10.958572387695313,"orthographic":false}